speed_bandwidth_hz,wc_rad_s,Kp_speed_A_per_radps,Ki_speed_A_per_rad,Kaw_speed_1_per_s,closed_loop_tau_ms,initial_p_current_for_step_A
10,62.8318530717959,0.258342739589514,8.11607652802677,62.8318530717959,15.9154943091895,1.03337095835805
20,125.663706143592,0.516685479179027,32.4643061121071,125.663706143592,7.95774715459477,2.06674191671611
30,188.495559215388,0.775028218768541,73.0446887522409,188.495559215388,5.30516476972985,3.10011287507416
40,251.327412287183,1.03337095835805,129.857224448428,251.327412287183,3.97887357729738,4.13348383343222
60,376.991118430775,1.55005643753708,292.178755008964,376.991118430775,2.65258238486492,6.20022575014833
80,502.654824574367,2.06674191671611,519.428897793713,502.654824574367,1.98943678864869,8.26696766686444
100,628.318530717959,2.58342739589514,811.607652802677,628.318530717959,1.59154943091895,10.3337095835805
150,942.477796076938,3.8751410938427,1826.11721880602,942.477796076938,1.06103295394597,15.5005643753708
