case_name,feedback_delay_ticks,kp,ki,square_stable,square_rmse_a,square_max_abs_error_a,square_iq_peak_pos_a,square_iq_peak_neg_a,square_voltage_norm_max,step_stable,step_overshoot_ratio,step_settling_time_ms,step_final_iq_a,note
1625_borrowed_kp1_ki20000,0,1,20000,1,0.138536707798401,0.600072794918575,0.364702464028067,-0.364723127492173,0.0632831295658162,1,0.107834803582739,0.173,1.5,"BANNED for 1620 default: 1625-derived tuning"
1625_borrowed_kp1_ki20000,1,1,20000,0,3.49449535604742,5.98992170432463,5.81880146023709,-5.87295619891753,1,0,1.12798495822427,NaN,1.56261476914442,"BANNED for 1620 default: 1625-derived tuning"
1625_borrowed_kp1_ki20000,2,1,20000,0,4.98967974599579,6.52877085336232,6.22916021326262,-6.22826668487361,1,0,3.1540558681811,NaN,6.03232214932276,"BANNED for 1620 default: 1625-derived tuning"
1620_physical_800hz,0,0.138230076757951,5026.54824574367,1,0.277240065782666,0.589637037590364,0.284080014354513,-0.289637037590364,0.0469720827819632,1,0,0.527,1.5,"Recommended 1620 safe contract candidate"
1620_physical_800hz,1,0.138230076757951,5026.54824574367,1,0.279934150133418,0.637803930631425,0.341945702715267,-0.342355633610825,0.0551810679434642,1,0.0662650115903462,0.588,1.49999999999999,"Recommended 1620 safe contract candidate"
1620_physical_800hz,2,0.138230076757951,5026.54824574367,1,0.3315718522155,0.775508285827991,0.51320246422521,-0.516502787375375,0.083249368466639,1,0.275600218589206,1.021,1.49999988825435,"Recommended 1620 safe contract candidate"
1620_physical_2000hz,0,0.345575191894877,12566.3706143592,1,0.203227033656272,0.602121398430461,0.39963517591881,-0.399045640558489,0.0654763987872248,1,0.16540775240548,0.421,1.5,"Aggressive 1620 candidate, delay-sensitive"
1620_physical_2000hz,1,0.345575191894877,12566.3706143592,1,0.238383099946606,0.5939669860566,0.715547768763278,-0.589575846110442,0.116412493172735,0,0.693652477152657,2.351,1.49986423092954,"Aggressive 1620 candidate, delay-sensitive"
1620_physical_2000hz,2,0.345575191894877,12566.3706143592,0,4.02955130892092,6.52910254097284,6.22910254097284,-6.22760614914615,1,0,3.15346119471219,NaN,-0.812259556013142,"Aggressive 1620 candidate, delay-sensitive"
